order_id,paymentTypeId,paymentName,amount,currency,insertDate
295295941,29,YS Online,833.83,TRY,2025-06-02T12:07:28.09
295299200,604,Token Flex,512.9,TRY,2025-06-02T12:07:29.767
295301022,3,Multinet,525.13,TRY,2025-06-02T12:15:39.257
295301816,54442,Setcard Online,513.91,TRY,2025-06-02T12:23:46.51
295302097,2,Kredi Kartı,468.47,TRY,2025-06-02T12:35:53.907
295303256,569,Migros Online,455.16,TRY,2025-06-02T12:09:26.187
295303975,90,Trendyol Online,497.91,TRY,2025-06-02T12:10:52.433
295308764,2,Kredi Kartı,1198.8,TRY,2025-06-02T12:37:10.67
295310307,7,Diğer,485.24,TRY,2025-06-02T12:36:06.983
295312711,33,Getir Online,1099.6,TRY,2025-06-02T12:58:21.57
295316316,29,YS Online,396.16,TRY,2025-06-02T12:58:23.04
295316464,41,Pluxee (Sodexo) Online,501.91,TRY,2025-06-02T12:58:24.557
295316475,29,YS Online,892.33,TRY,2025-06-02T13:20:36.827
295317637,574,Multinet Online,454.9,TRY,2025-06-02T12:58:26.537
295317948,41,Pluxee (Sodexo) Online,454.9,TRY,2025-06-02T13:10:38.14
295319734,29,YS Online,454.66,TRY,2025-06-02T13:10:36.603
295322352,29,YS Online,454.66,TRY,2025-06-02T13:10:34.973
295324050,574,Multinet Online,456.9,TRY,2025-06-02T13:20:32.437
295325634,33,Getir Online,434.9,TRY,2025-06-02T14:08:48.107
295327505,41,Pluxee (Sodexo) Online,503.91,TRY,2025-06-02T13:30:25.957
295331517,26,Metropol,586.41,TRY,2025-06-02T13:44:09.607
295332175,2,Kredi Kartı,399.6,TRY,2025-06-02T13:12:47.043
295332577,53330,Edenred Online,465.63,TRY,2025-06-02T14:08:46.8
295333069,569,Migros Online,455.16,TRY,2025-06-02T13:31:39.703
295333420,1,Nakit,454.9,TRY,2025-06-02T13:44:05.743
295336342,26,Metropol,495.91,TRY,2025-06-02T14:08:50.13
295336718,3,Multinet,511.28,TRY,2025-06-02T14:08:53.55
295338073,2,Kredi Kartı,810.2,TRY,2025-06-02T14:08:55.073
295338928,90,Trendyol Online,489.91,TRY,2025-06-02T14:08:51.267
295342668,5,SetCard,462.93,TRY,2025-06-02T14:08:44.14
295343186,2,Kredi Kartı,842.4,TRY,2025-06-02T14:27:42.673
295344345,33,Getir Online,444.9,TRY,2025-06-02T14:27:44.157
295345568,33,Getir Online,444.9,TRY,2025-06-02T14:08:42.5
295348470,1,Nakit,1031.84,TRY,2025-06-02T15:24:22.32
295350971,29,YS Online,455.54,TRY,2025-06-02T15:14:42.803
295353263,53330,Edenred Online,231.79,TRY,2025-06-02T14:35:47.213
295354300,33,Getir Online,434.9,TRY,2025-06-02T14:43:38.543
295354550,29,YS Online,488.43,TRY,2025-06-02T14:43:40.453
295354969,5,SetCard,909.33,TRY,2025-06-02T14:43:36.61
295356180,29,YS Online,454.66,TRY,2025-06-02T14:43:35.113
295359909,2,Kredi Kartı,384.6,TRY,2025-06-02T14:35:49.667
295364902,29,YS Online,446.16,TRY,2025-06-02T15:14:24.84
295368689,574,Multinet Online,454.9,TRY,2025-06-02T15:17:37.543
295371170,4,Smart Ticket,799.2,TRY,2025-06-02T15:55:27.403
295371582,29,YS Online,446.16,TRY,2025-06-02T15:55:26.33
295373304,29,YS Online,542.36,TRY,2025-06-02T15:55:29.663
295375101,569,Migros Online,498.33,TRY,2025-06-02T16:07:48.627
295375147,90,Trendyol Online,994.8,TRY,2025-06-02T15:55:32.27
295375983,53330,Edenred Online,984.8,TRY,2025-06-02T15:55:34.857
295376747,2,Kredi Kartı,355.9,TRY,2025-06-02T16:07:44.85
295377882,90,Trendyol Online,489.91,TRY,2025-06-02T15:55:33.573
295379022,2,Kredi Kartı,384.6,TRY,2025-06-02T16:23:06.613
295379650,1,Nakit,349.9,TRY,2025-06-02T16:14:18.537
295380376,29,YS Online,484.88,TRY,2025-06-02T16:34:36.397
295381843,3,Multinet,586.41,TRY,2025-06-02T16:34:36.67
295386145,33,Getir Online,434.9,TRY,2025-06-02T16:14:06.027
295387392,3,Multinet,1357.96,TRY,2025-06-02T16:34:40.92
295387889,2,Kredi Kartı,644.32,TRY,2025-06-02T16:34:38.483
295388430,1,Nakit,799.2,TRY,2025-06-02T16:49:27.46
295389618,5,SetCard,791.2,TRY,2025-06-02T16:11:44.743
295390607,2,Kredi Kartı,1198.8,TRY,2025-06-02T16:34:38.76
295391368,1,Nakit,679.83,TRY,2025-06-02T16:34:40.277
295392429,2,Kredi Kartı,1315.4,TRY,2025-06-02T16:34:44.673
295392624,29,YS Online,454.66,TRY,2025-06-02T16:35:52.537
295392720,26,Metropol,444.9,TRY,2025-06-02T16:34:42.857
295393226,4,Smart Ticket,392.6,TRY,2025-06-02T16:53:15.7
295394065,3,Multinet,556.8,TRY,2025-06-02T16:53:08.987
295395580,2,Kredi Kartı,819.5,TRY,2025-06-02T16:49:23.39
295395966,26,Metropol,444.9,TRY,2025-06-02T16:53:06.36
295397945,33,Getir Online,1981.2,TRY,2025-06-02T16:53:11.587
295398926,90,Trendyol Online,454.9,TRY,2025-06-02T16:53:12.903
295400041,574,Multinet Online,659.91,TRY,2025-06-02T16:53:10.08
295400727,2,Kredi Kartı,474.5,TRY,2025-06-02T16:30:20.403
295401093,29,YS Online,396.16,TRY,2025-06-02T16:53:19.2
295402797,2,Kredi Kartı,829.4,TRY,2025-06-02T16:35:32.587
295403392,29,YS Online,446.16,TRY,2025-06-02T17:29:21.34
295403934,29,YS Online,396.16,TRY,2025-06-02T17:11:12.617
295404103,1,Nakit,444.9,TRY,2025-06-02T17:18:00.687
295404332,33,Getir Online,434.9,TRY,2025-06-02T16:53:22.17
295404402,2,Kredi Kartı,892.33,TRY,2025-06-02T17:07:09.38
295405381,33,Getir Online,444.9,TRY,2025-06-02T17:18:20.51
295407613,41,Pluxee (Sodexo) Online,454.9,TRY,2025-06-02T17:11:28.36
295411946,2,Kredi Kartı,419.9,TRY,2025-06-02T17:12:39.173
295412421,90,Trendyol Online,590.81,TRY,2025-06-02T17:29:22.64
295412705,33,Getir Online,444.9,TRY,2025-06-02T17:29:36.507
295413021,29,YS Online,514.16,TRY,2025-06-02T17:29:24.333
295413174,29,YS Online,1158.29,TRY,2025-06-02T17:29:27.563
295413574,29,YS Online,734.99,TRY,2025-06-02T17:34:10.91
295414547,29,YS Online,396.16,TRY,2025-06-02T17:29:26.087
295414549,2,Kredi Kartı,799.5,TRY,2025-06-02T18:05:23.647
295415095,33,Getir Online,1213.8,TRY,2025-06-02T17:29:28.883
295415571,41,Pluxee (Sodexo) Online,1119.71,TRY,2025-06-02T18:05:18.467
295416044,29,YS Online,900.83,TRY,2025-06-02T18:05:22.553
295417097,33,Getir Online,444.9,TRY,2025-06-02T17:29:31.34
295419115,90,Trendyol Online,984.8,TRY,2025-06-02T18:05:20.443
295420094,29,YS Online,2917.69,TRY,2025-06-02T18:05:38.707
295421744,90,Trendyol Online,454.9,TRY,2025-06-02T18:05:53.89
295422743,53330,Edenred Online,1863.7,TRY,2025-06-02T18:42:41.493
295424670,90,Trendyol Online,507.91,TRY,2025-06-02T18:42:42.607
295426315,29,YS Online,396.16,TRY,2025-06-02T18:05:43.243
295426423,41,Pluxee (Sodexo) Online,1084.71,TRY,2025-06-02T18:05:44.737
295426960,33,Getir Online,1602.6,TRY,2025-06-02T18:42:47.03
295427573,2,Kredi Kartı,889.7,TRY,2025-06-02T18:24:03.19
295427693,5,SetCard,454.66,TRY,2025-06-02T18:05:48.32
295428490,90,Trendyol Online,489.91,TRY,2025-06-02T18:42:44.677
295428771,1,Nakit,1232.33,TRY,2025-06-02T18:42:46.197
295429216,4,Smart Ticket,456.9,TRY,2025-06-02T18:42:49.107
295430035,2,Kredi Kartı,556.8,TRY,2025-06-02T18:42:51.513
295433611,29,YS Online,573.66,TRY,2025-06-02T18:42:49.627
295434977,90,Trendyol Online,494.9,TRY,2025-06-02T18:42:52.137
295436134,1,Nakit,400.0,TRY,2025-06-02T18:51:41.743
295436134,2,Kredi Kartı,1198.4,TRY,2025-06-02T18:51:41.777
295437195,29,YS Online,842.33,TRY,2025-06-02T18:45:54.253
295437841,33,Getir Online,802.3,TRY,2025-06-02T18:45:50.053
295438570,574,Multinet Online,1084.71,TRY,2025-06-02T18:42:54.203
295440103,53955,Metropol Kodu,2084.6,TRY,2025-06-02T18:43:03.64
295440417,90,Trendyol Online,464.9,TRY,2025-06-02T18:54:05.667
295440597,6,Pluxee (Sodexo),499.9,TRY,2025-06-02T18:58:08.717
295440819,29,YS Online,1878.41,TRY,2025-06-02T18:43:00.017
295441534,29,YS Online,654.33,TRY,2025-06-02T18:58:13.007
295441623,574,Multinet Online,434.9,TRY,2025-06-02T18:42:57.62
295441986,2,Kredi Kartı,799.2,TRY,2025-06-02T18:43:01.82
295443518,2,Kredi Kartı,1504.4,TRY,2025-06-02T18:58:09.86
295445567,29,YS Online,452.11,TRY,2025-06-02T18:45:45.147
295445841,90,Trendyol Online,489.91,TRY,2025-06-02T18:45:43.757
295447882,2,Kredi Kartı,799.2,TRY,2025-06-02T18:29:21.64
295448938,5,SetCard,1012.8,TRY,2025-06-02T19:20:29.46
295449017,41,Pluxee (Sodexo) Online,482.9,TRY,2025-06-02T18:53:51.377
295454712,1,Nakit,834.5,TRY,2025-06-02T19:20:15.62
295455728,569,Migros Online,910.32,TRY,2025-06-02T19:07:29.643
295455980,26,Metropol,446.16,TRY,2025-06-02T19:20:17.18
295457184,90,Trendyol Online,476.9,TRY,2025-06-02T19:20:26.853
295457983,2,Kredi Kartı,446.16,TRY,2025-06-02T19:24:09.083
295458302,3,Multinet,399.0,TRY,2025-06-02T19:45:30.707
295459808,33,Getir Online,776.4,TRY,2025-06-02T19:29:05.583
295460886,7,Diğer,968.83,TRY,2025-06-02T19:28:11.813
295461123,90,Trendyol Online,984.8,TRY,2025-06-02T19:36:16.72
295462820,2,Kredi Kartı,579.8,TRY,2025-06-02T19:07:13.517
295466427,2,Kredi Kartı,349.9,TRY,2025-06-02T19:36:14.913
295467597,2,Kredi Kartı,514.16,TRY,2025-06-02T20:02:13.797
295469090,2,Kredi Kartı,3149.3,TRY,2025-06-02T20:11:38.647
295471120,2,Kredi Kartı,499.9,TRY,2025-06-02T19:48:04.37
295471272,90,Trendyol Online,566.8,TRY,2025-06-02T20:11:36.35
295471609,90,Trendyol Online,554.81,TRY,2025-06-02T20:02:17.633
295471815,5,SetCard,699.8,TRY,2025-06-02T19:42:25.82
295473017,2,Kredi Kartı,449.9,TRY,2025-06-02T19:27:08.317
295473213,5,SetCard,454.66,TRY,2025-06-02T20:02:09.63
295473230,29,YS Online,906.78,TRY,2025-06-02T20:11:40.22
295473413,29,YS Online,2244.66,TRY,2025-06-02T20:02:19.283
295473859,2,Kredi Kartı,399.6,TRY,2025-06-02T20:11:41.773
295476120,7,Diğer,1346.99,TRY,2025-06-02T20:11:43.12
295480117,2,Kredi Kartı,452.11,TRY,2025-06-02T20:29:35.297
295481889,29,YS Online,531.16,TRY,2025-06-02T20:02:06.48
295482521,2,Kredi Kartı,1631.66,TRY,2025-06-02T20:29:38.877
295485568,26,Metropol,446.16,TRY,2025-06-02T20:11:50.417
295490320,29,YS Online,514.16,TRY,2025-06-02T20:29:39.74
295490940,33,Getir Online,1020.8,TRY,2025-06-02T20:29:40.71
295490949,90,Trendyol Online,454.9,TRY,2025-06-02T20:50:39.14
295490964,1,Nakit,1295.0,TRY,2025-06-02T20:34:30.13
295491336,3,Multinet,449.9,TRY,2025-06-02T20:36:50.443
295493649,33,Getir Online,648.9,TRY,2025-06-02T20:50:42.66
295494520,6,Pluxee (Sodexo),349.9,TRY,2025-06-02T20:36:58.05
295494613,90,Trendyol Online,1010.7,TRY,2025-06-02T20:51:36.8
295497447,569,Migros Online,637.91,TRY,2025-06-02T20:50:44.733
295497526,33,Getir Online,444.9,TRY,2025-06-02T20:50:50.433
295497951,41,Pluxee (Sodexo) Online,454.9,TRY,2025-06-02T20:50:48.743
295498678,29,YS Online,1036.74,TRY,2025-06-02T20:55:39.04
295499043,33,Getir Online,527.8,TRY,2025-06-02T20:56:52.81
295499302,90,Trendyol Online,973.81,TRY,2025-06-02T20:54:12.123
295500808,29,YS Online,396.16,TRY,2025-06-02T20:51:37.487
295501247,574,Multinet Online,454.9,TRY,2025-06-02T20:51:38.07
295503983,90,Trendyol Online,1220.82,TRY,2025-06-02T21:16:35.957
295505281,29,YS Online,454.66,TRY,2025-06-02T21:00:00.633
295506369,33,Getir Online,517.9,TRY,2025-06-02T20:56:51.98
295509173,29,YS Online,452.11,TRY,2025-06-02T21:10:20.193
295510361,29,YS Online,761.58,TRY,2025-06-02T21:24:22.687
295511446,90,Trendyol Online,454.9,TRY,2025-06-02T21:24:25.347
295513229,33,Getir Online,659.9,TRY,2025-06-02T21:49:48.667
295516182,41,Pluxee (Sodexo) Online,554.8,TRY,2025-06-02T21:24:19.41
295517496,26,Metropol,671.16,TRY,2025-06-02T21:51:18.287
295517498,53330,Edenred Online,464.9,TRY,2025-06-02T21:24:16.653
295518973,26,Metropol,573.66,TRY,2025-06-02T21:51:10.567
295522497,2,Kredi Kartı,450.0,TRY,2025-06-02T22:08:46.967
295522497,3,Multinet,999.3,TRY,2025-06-02T22:09:32.123
295527387,2,Kredi Kartı,2397.6,TRY,2025-06-02T21:59:43.657
295528136,2,Kredi Kartı,399.0,TRY,2025-06-02T22:03:22.28
295529865,2,Kredi Kartı,454.66,TRY,2025-06-02T22:00:04.293
295531148,90,Trendyol Online,489.91,TRY,2025-06-02T22:12:17.08
295535450,2,Kredi Kartı,459.9,TRY,2025-06-02T21:59:52.443
295593366,29,YS Online,1743.16,TRY,2025-06-03T12:06:39.84
295596322,3,Multinet,1474.49,TRY,2025-06-03T12:06:38.173
295596377,2,Kredi Kartı,699.9,TRY,2025-06-03T11:54:15.06
295596686,90,Trendyol Online,559.9,TRY,2025-06-03T12:17:13.483
295597699,3,Multinet,449.9,TRY,2025-06-03T12:55:27.957
295600253,29,YS Online,475.13,TRY,2025-06-03T12:55:26.647
295603122,2,Kredi Kartı,1839.6,TRY,2025-06-03T12:55:13.233
295606610,53330,Edenred Online,548.08,TRY,2025-06-03T12:55:20.197
295606695,2,Kredi Kartı,939.8,TRY,2025-06-03T13:10:47.523
295608924,4,Smart Ticket,399.6,TRY,2025-06-03T12:55:23.127
295619835,33,Getir Online,434.9,TRY,2025-06-03T13:10:35.517
295619946,90,Trendyol Online,344.9,TRY,2025-06-03T13:19:08.707
295623129,3,Multinet,479.9,TRY,2025-06-03T13:19:10.303
295628489,4,Smart Ticket,399.6,TRY,2025-06-03T13:19:09.51
295633056,569,Migros Online,463.66,TRY,2025-06-03T13:31:37.113
295633063,5,SetCard,573.66,TRY,2025-06-03T13:31:35.727
295636201,33,Getir Online,434.9,TRY,2025-06-03T14:10:03.917
295636610,3,Multinet,547.06,TRY,2025-06-03T13:41:59.403
295639777,2,Kredi Kartı,419.92,TRY,2025-06-03T14:10:02.113
295642078,4,Smart Ticket,1012.8,TRY,2025-06-03T14:10:04.71
295642451,90,Trendyol Online,643.91,TRY,2025-06-03T13:56:46.053
295644414,29,YS Online,483.92,TRY,2025-06-03T14:10:00.267
295649919,29,YS Online,433.92,TRY,2025-06-03T14:24:58.953
295650761,1,Nakit,419.9,TRY,2025-06-03T14:17:30.243
295651970,90,Trendyol Online,1084.7,TRY,2025-06-03T15:34:32.117
295652516,29,YS Online,419.92,TRY,2025-06-03T14:24:57.443
295654475,2,Kredi Kartı,449.9,TRY,2025-06-03T15:34:33.28
295654479,41,Pluxee (Sodexo) Online,587.9,TRY,2025-06-03T15:34:29.36
295654834,2,Kredi Kartı,399.6,TRY,2025-06-03T15:34:25.157
295655028,3,Multinet,915.84,TRY,2025-06-03T15:34:35.72
295657463,53330,Edenred Online,515.84,TRY,2025-06-03T15:34:26.917
295657792,90,Trendyol Online,466.9,TRY,2025-06-03T15:34:21.77
295658855,29,YS Online,439.92,TRY,2025-06-03T15:27:35.713
295659574,33,Getir Online,444.9,TRY,2025-06-03T15:34:37.303
295660905,90,Trendyol Online,384.55,TRY,2025-06-03T15:27:36.277
295661725,574,Multinet Online,1314.82,TRY,2025-06-03T15:27:33.573
295662549,29,YS Online,998.24,TRY,2025-06-03T15:27:31.603
295663600,90,Trendyol Online,506.9,TRY,2025-06-03T15:27:28.683
295664896,53330,Edenred Online,426.79,TRY,2025-06-03T15:27:30.123
295665725,29,YS Online,377.92,TRY,2025-06-03T15:27:27.197
295666731,90,Trendyol Online,489.91,TRY,2025-06-03T15:34:38.42
295667840,1,Nakit,503.9,TRY,2025-06-03T15:34:40.793
295667937,33,Getir Online,444.9,TRY,2025-06-03T15:34:39.573
295668073,90,Trendyol Online,454.9,TRY,2025-06-03T16:28:52.68
295670032,2,Kredi Kartı,798.2,TRY,2025-06-03T15:20:44.033
295671560,2,Kredi Kartı,700.0,TRY,2025-06-03T15:21:17.993
295671923,90,Trendyol Online,356.9,TRY,2025-06-03T15:27:19.81
295673795,2,Kredi Kartı,898.0,TRY,2025-06-03T15:55:11.433
295675267,574,Multinet Online,454.9,TRY,2025-06-03T16:28:37.31
295676084,29,YS Online,377.92,TRY,2025-06-03T16:28:35.93
295677246,33,Getir Online,444.9,TRY,2025-06-03T15:45:38.717
295679520,29,YS Online,433.92,TRY,2025-06-03T16:28:38.847
295683447,33,Getir Online,444.9,TRY,2025-06-03T16:28:42.897
295684129,604,Token Flex,444.9,TRY,2025-06-03T16:28:44.357
295685615,33,Getir Online,516.9,TRY,2025-06-03T16:28:45.887
295685772,2,Kredi Kartı,1494.72,TRY,2025-06-03T16:28:47.233
295686731,33,Getir Online,1057.8,TRY,2025-06-03T16:28:48.84
295686772,1,Nakit,799.2,TRY,2025-06-03T16:09:31.487
295688238,1,Nakit,1202.7,TRY,2025-06-03T16:24:12.45
295688368,29,YS Online,1259.76,TRY,2025-06-03T16:28:50.337
295688620,29,YS Online,427.92,TRY,2025-06-03T16:28:54.827
295691152,1,Nakit,392.6,TRY,2025-06-03T16:05:30.253
295693477,29,YS Online,369.92,TRY,2025-06-03T16:53:11.913
295693506,33,Getir Online,1171.8,TRY,2025-06-03T16:28:56.99
295693614,90,Trendyol Online,489.91,TRY,2025-06-03T16:53:09.44
295693870,90,Trendyol Online,489.91,TRY,2025-06-03T16:31:05.19
295694948,29,YS Online,369.92,TRY,2025-06-03T16:53:12.383
295696790,41,Pluxee (Sodexo) Online,1508.62,TRY,2025-06-03T16:53:16.44
295697641,2,Kredi Kartı,1767.68,TRY,2025-06-03T16:53:05.697
295699301,90,Trendyol Online,563.8,TRY,2025-06-03T16:53:03.81
295699599,90,Trendyol Online,563.8,TRY,2025-06-03T16:53:03.487
295699908,29,YS Online,839.84,TRY,2025-06-03T16:53:19.37
295702241,2,Kredi Kartı,1248.7,TRY,2025-06-03T16:53:00.603
295704560,6,Pluxee (Sodexo),962.5,TRY,2025-06-03T16:52:58.873
295705338,90,Trendyol Online,608.81,TRY,2025-06-03T16:52:56.86
295705346,90,Trendyol Online,454.9,TRY,2025-06-03T17:16:11.347
295705462,2,Kredi Kartı,1179.7,TRY,2025-06-03T17:03:49.067
295708396,2,Kredi Kartı,3149.4,TRY,2025-06-03T17:37:16.17
295711415,604,Token Flex,1434.7,TRY,2025-06-03T17:16:06.423
295711529,29,YS Online,483.92,TRY,2025-06-03T17:37:09.54
295711594,90,Trendyol Online,566.8,TRY,2025-06-03T17:37:10.55
295714161,2,Kredi Kartı,699.8,TRY,2025-06-03T16:56:57.813
295715055,2,Kredi Kartı,1347.0,TRY,2025-06-03T17:33:51.44
295715690,1,Nakit,777.2,TRY,2025-06-03T17:37:11.557
295715747,90,Trendyol Online,454.9,TRY,2025-06-03T17:37:14.007
295716224,2,Kredi Kartı,1617.0,TRY,2025-06-03T17:31:13.03
295716265,3,Multinet,419.92,TRY,2025-06-03T17:56:48.65
295721036,29,YS Online,553.84,TRY,2025-06-03T17:56:09.753
295721958,2,Kredi Kartı,1191.8,TRY,2025-06-03T17:37:06.01
295724430,53330,Edenred Online,454.9,TRY,2025-06-03T17:56:07.167
295724832,2,Kredi Kartı,998.0,TRY,2025-06-03T17:49:25.753
295724999,574,Multinet Online,501.91,TRY,2025-06-03T17:56:05.777
295725005,574,Multinet Online,454.9,TRY,2025-06-03T17:56:07.737
295725586,41,Pluxee (Sodexo) Online,489.91,TRY,2025-06-03T17:44:23.1
295725970,29,YS Online,639.84,TRY,2025-06-03T17:48:53.18
295727729,2,Kredi Kartı,639.7,TRY,2025-06-03T17:48:50.76
295728285,29,YS Online,369.92,TRY,2025-06-03T17:56:04.31
295730068,33,Getir Online,1315.7,TRY,2025-06-03T18:22:25.437
295730601,3,Multinet,349.9,TRY,2025-06-03T18:22:25.677
295733830,2,Kredi Kartı,999.8,TRY,2025-06-03T18:22:27.13
295735471,5,SetCard,799.2,TRY,2025-06-03T18:22:27.45
295736242,33,Getir Online,2919.4,TRY,2025-06-03T18:38:54.37
295736394,29,YS Online,507.84,TRY,2025-06-03T18:22:31.563
295738283,1,Nakit,483.92,TRY,2025-06-03T19:00:03.187
295740114,29,YS Online,385.52,TRY,2025-06-03T18:22:29.767
295740844,2,Kredi Kartı,509.8,TRY,2025-06-03T18:22:39
295742171,29,YS Online,419.92,TRY,2025-06-03T18:29:48.497
295742482,29,YS Online,921.62,TRY,2025-06-03T18:42:46.7
295743307,29,YS Online,825.84,TRY,2025-06-03T18:35:19.417
295743346,53330,Edenred Online,454.9,TRY,2025-06-03T18:35:41.067
295743688,90,Trendyol Online,501.91,TRY,2025-06-03T18:42:43.52
295744107,29,YS Online,369.92,TRY,2025-06-03T18:35:41.703
295745907,4,Smart Ticket,1214.1,TRY,2025-06-03T18:29:46.44
295747100,29,YS Online,1655.6,TRY,2025-06-03T19:00:48.607
295748992,26,Metropol,699.8,TRY,2025-06-03T18:45:10.143
295749425,2,Kredi Kartı,459.9,TRY,2025-06-03T18:57:35.58
295753829,90,Trendyol Online,1019.81,TRY,2025-06-03T20:10:16.873
295754515,33,Getir Online,446.9,TRY,2025-06-03T19:17:59.473
295754693,29,YS Online,497.84,TRY,2025-06-03T18:57:42.46
295754898,53330,Edenred Online,559.52,TRY,2025-06-03T18:58:47.847
295755161,33,Getir Online,644.6,TRY,2025-06-03T19:18:06.517
295755869,4,Smart Ticket,899.8,TRY,2025-06-03T19:18:01.703
295756655,90,Trendyol Online,489.91,TRY,2025-06-03T19:18:09.71
295758132,26,Metropol,799.2,TRY,2025-06-03T19:28:38.6
295759456,33,Getir Online,1576.7,TRY,2025-06-03T19:18:13.417
295760016,2,Kredi Kartı,459.0,TRY,2025-06-03T19:02:31.11
295762975,2,Kredi Kartı,949.7,TRY,2025-06-03T19:18:15.64
295762992,2,Kredi Kartı,517.9,TRY,2025-06-03T20:10:18.317
295763530,33,Getir Online,1688.1,TRY,2025-06-03T19:18:19.497
295763712,29,YS Online,523.66,TRY,2025-06-03T19:18:21.677
295763827,7,Diğer,446.16,TRY,2025-06-03T19:18:17.45
295765027,6,Pluxee (Sodexo),459.9,TRY,2025-06-03T20:10:19.32
295765216,33,Getir Online,512.9,TRY,2025-06-03T19:18:23.803
295766616,2,Kredi Kartı,798.0,TRY,2025-06-03T19:27:08.47
295766853,29,YS Online,896.49,TRY,2025-06-03T20:10:20.3
295768008,29,YS Online,624.66,TRY,2025-06-03T20:10:21.18
295768569,91,Pluxee (Sodexo) Pass Mobil,384.96,TRY,2025-06-03T20:10:23.31
295769166,2,Kredi Kartı,1254.43,TRY,2025-06-03T20:10:27.247
295770331,4,Smart Ticket,892.33,TRY,2025-06-03T20:10:22.403
295773205,90,Trendyol Online,563.8,TRY,2025-06-03T20:10:28.483
295773937,26,Metropol,1294.7,TRY,2025-06-03T20:10:33.06
295775054,53330,Edenred Online,998.8,TRY,2025-06-03T20:10:31.483
295776436,33,Getir Online,526.9,TRY,2025-06-03T20:10:34.46
295781157,29,YS Online,900.83,TRY,2025-06-03T20:10:36.107
295782012,90,Trendyol Online,466.9,TRY,2025-06-03T20:10:41.877
295782665,53330,Edenred Online,355.21,TRY,2025-06-03T20:10:43.507
295782747,574,Multinet Online,489.91,TRY,2025-06-03T20:10:37.83
295782924,29,YS Online,492.21,TRY,2025-06-03T20:10:39.077
295783688,3,Multinet,399.6,TRY,2025-06-03T19:33:39.913
295783776,26,Metropol,464.8,TRY,2025-06-03T20:10:40.473
295785742,90,Trendyol Online,454.9,TRY,2025-06-03T20:10:45.07
295786243,91,Pluxee (Sodexo) Pass Mobil,1016.03,TRY,2025-06-03T20:36:51.107
295787394,1,Nakit,685.78,TRY,2025-06-03T20:36:33.943
295787624,574,Multinet Online,1081.8,TRY,2025-06-03T20:11:00.767
295787916,29,YS Online,396.16,TRY,2025-06-03T20:36:54.867
295789822,2,Kredi Kartı,459.0,TRY,2025-06-03T20:17:01.977
295790945,41,Pluxee (Sodexo) Online,984.8,TRY,2025-06-03T20:36:57.257
295791067,29,YS Online,501.41,TRY,2025-06-03T20:36:58.653
295793143,33,Getir Online,456.9,TRY,2025-06-03T20:37:00.737
295794922,2,Kredi Kartı,549.9,TRY,2025-06-03T20:17:35.297
295795510,29,YS Online,1474.49,TRY,2025-06-03T20:39:24.013
295797257,29,YS Online,454.66,TRY,2025-06-03T20:37:02.087
295797689,41,Pluxee (Sodexo) Online,454.9,TRY,2025-06-03T20:37:02.94
295799784,29,YS Online,776.03,TRY,2025-06-03T20:37:14.927
295799903,2,Kredi Kartı,939.4,TRY,2025-06-03T20:37:47.267
295801126,29,YS Online,461.61,TRY,2025-06-03T20:37:17.97
295801357,90,Trendyol Online,489.91,TRY,2025-06-03T20:37:21.22
295801557,1,Nakit,446.16,TRY,2025-06-03T20:37:06.937
295802054,29,YS Online,522.11,TRY,2025-06-03T20:37:16.72
295804424,29,YS Online,494.36,TRY,2025-06-03T20:37:23.49
295805532,91,Pluxee (Sodexo) Pass Mobil,665.46,TRY,2025-06-03T20:51:28.827
295806548,2,Kredi Kartı,410.6,TRY,2025-06-03T20:44:31.123
295810709,90,Trendyol Online,454.9,TRY,2025-06-03T20:51:27.043
295810870,2,Kredi Kartı,398.6,TRY,2025-06-03T21:02:36.01
295812229,41,Pluxee (Sodexo) Online,637.91,TRY,2025-06-03T21:12:07.773
295812573,90,Trendyol Online,464.9,TRY,2025-06-03T21:12:05.207
295814795,53330,Edenred Online,1112.7,TRY,2025-06-03T21:20:04.837
295816268,4,Smart Ticket,999.8,TRY,2025-06-03T21:02:44.643
295816406,2,Kredi Kartı,1259.7,TRY,2025-06-03T21:38:34.413
295818137,7,Diğer,892.33,TRY,2025-06-03T21:12:02.997
295819308,41,Pluxee (Sodexo) Online,1019.81,TRY,2025-06-03T21:12:01.57
295821527,33,Getir Online,939.8,TRY,2025-06-03T21:11:59.327
295823096,29,YS Online,1811.94,TRY,2025-06-03T21:31:09.503
295825141,41,Pluxee (Sodexo) Online,1308.73,TRY,2025-06-03T21:35:46.023
295826745,1,Nakit,999.8,TRY,2025-06-03T21:24:59.617
295826956,90,Trendyol Online,2574.5,TRY,2025-06-03T21:24:58.897
295828145,2,Kredi Kartı,669.8,TRY,2025-06-03T21:35:46.987
295828393,90,Trendyol Online,529.9,TRY,2025-06-03T21:35:49.413
295830087,1,Nakit,799.2,TRY,2025-06-03T21:31:13.393
295832157,5,SetCard,399.6,TRY,2025-06-03T21:35:37.927
295834212,2,Kredi Kartı,769.8,TRY,2025-06-03T21:53:03.427
295839861,41,Pluxee (Sodexo) Online,558.9,TRY,2025-06-03T21:42:19.237
295842174,1,Nakit,464.86,TRY,2025-06-03T22:04:25.257
295842937,90,Trendyol Online,984.8,TRY,2025-06-03T22:04:32.687
295843155,91,Pluxee (Sodexo) Pass Mobil,1954.66,TRY,2025-06-03T22:22:25.47
295843729,604,Token Flex,479.0,TRY,2025-06-03T22:01:31.36
295844829,1,Nakit,419.9,TRY,2025-06-03T22:12:05.837
295846183,33,Getir Online,1072.8,TRY,2025-06-03T22:04:36.457
295846876,2,Kredi Kartı,399.6,TRY,2025-06-03T22:12:01.84
295848881,29,YS Online,850.83,TRY,2025-06-03T22:12:34.617
295914457,53330,Edenred Online,446.16,TRY,2025-06-04T12:36:11.453
295915575,29,YS Online,842.33,TRY,2025-06-04T12:01:56.357
295915958,4,Smart Ticket,1002.83,TRY,2025-06-04T12:36:13.003
295917246,90,Trendyol Online,489.91,TRY,2025-06-04T13:22:59.01
295917394,5,SetCard,842.59,TRY,2025-06-04T12:36:14.317
295917572,53330,Edenred Online,473.36,TRY,2025-06-04T12:03:14.273
295918189,33,Getir Online,502.9,TRY,2025-06-04T12:01:53.357
295919111,29,YS Online,414.86,TRY,2025-06-04T13:22:55.94
295919545,4,Smart Ticket,999.8,TRY,2025-06-04T13:22:56.443
295920758,574,Multinet Online,454.9,TRY,2025-06-04T13:22:52.77
295920865,574,Multinet Online,929.8,TRY,2025-06-04T13:22:50.477
295921137,5,SetCard,526.9,TRY,2025-06-04T13:22:54.2
295922238,26,Metropol,446.16,TRY,2025-06-04T13:16:32.47
295923071,2,Kredi Kartı,808.9,TRY,2025-06-04T12:34:22.433
295924434,90,Trendyol Online,454.9,TRY,2025-06-04T13:16:30.773
295926500,604,Token Flex,444.9,TRY,2025-06-04T13:16:29.297
295927339,574,Multinet Online,638.9,TRY,2025-06-04T13:16:27.577
295928572,53330,Edenred Online,375.61,TRY,2025-06-04T13:16:26.197
295928637,29,YS Online,731.83,TRY,2025-06-04T12:50:57.323
295929633,2,Kredi Kartı,1278.7,TRY,2025-06-04T12:48:36.487
295934059,2,Kredi Kartı,2148.9,TRY,2025-06-04T13:16:24.433
295935651,41,Pluxee (Sodexo) Online,466.9,TRY,2025-06-04T12:56:10.043
295935798,29,YS Online,424.21,TRY,2025-06-04T12:56:08.713
295935954,29,YS Online,417.86,TRY,2025-06-04T12:56:09.45
295938554,1,Nakit,398.6,TRY,2025-06-04T13:06:31.657
295943646,90,Trendyol Online,994.8,TRY,2025-06-04T13:06:31.123
295946600,53330,Edenred Online,454.66,TRY,2025-06-04T13:22:51.857
295950890,2,Kredi Kartı,879.8,TRY,2025-06-04T13:39:15.34
295953176,90,Trendyol Online,489.91,TRY,2025-06-04T14:16:48.213
295954241,29,YS Online,396.16,TRY,2025-06-04T13:53:10.853
295955914,53330,Edenred Online,466.9,TRY,2025-06-04T13:40:20.127
295956838,5,SetCard,449.9,TRY,2025-06-04T13:40:09.48
295957313,574,Multinet Online,489.91,TRY,2025-06-04T13:40:21.697
295958222,53330,Edenred Online,554.91,TRY,2025-06-04T14:16:45
295958733,3,Multinet,518.41,TRY,2025-06-04T14:01:07.267
295960056,29,YS Online,446.16,TRY,2025-06-04T13:44:36.58
295963512,33,Getir Online,444.9,TRY,2025-06-04T14:16:43.663
295964541,33,Getir Online,444.9,TRY,2025-06-04T14:30:44.63
295965740,3,Multinet,414.9,TRY,2025-06-04T14:16:41.363
295966146,5,SetCard,456.36,TRY,2025-06-04T14:16:39.413
295973035,29,YS Online,514.16,TRY,2025-06-04T14:16:37.593
295975302,33,Getir Online,444.9,TRY,2025-06-04T14:30:45.403
295978412,1,Nakit,750.0,TRY,2025-06-04T15:28:00.577
295978412,2,Kredi Kartı,2250.0,TRY,2025-06-04T15:28:00.613
295980861,91,Pluxee (Sodexo) Pass Mobil,356.91,TRY,2025-06-04T15:08:11.327
295982570,90,Trendyol Online,619.91,TRY,2025-06-04T15:08:10.093
295986103,7,Diğer,501.41,TRY,2025-06-04T15:08:13.753
295988596,3,Multinet,799.2,TRY,2025-06-04T15:08:12.623
295991436,53330,Edenred Online,2137.15,TRY,2025-06-04T15:22:15.82
295991553,1,Nakit,449.9,TRY,2025-06-04T15:19:08.417
295997324,29,YS Online,404.66,TRY,2025-06-04T15:28:21.403
295998203,574,Multinet Online,444.9,TRY,2025-06-04T15:58:23.003
296000810,33,Getir Online,434.9,TRY,2025-06-04T15:58:23.877
296003527,90,Trendyol Online,466.9,TRY,2025-06-04T15:58:25.873
296006433,33,Getir Online,434.9,TRY,2025-06-04T15:58:26.603
296010378,2,Kredi Kartı,464.86,TRY,2025-06-04T15:58:19.597
296011944,33,Getir Online,517.9,TRY,2025-06-04T16:01:15.277
296012793,29,YS Online,454.66,TRY,2025-06-04T16:27:51.367
296019297,53330,Edenred Online,573.66,TRY,2025-06-04T16:27:46.84
296019640,41,Pluxee (Sodexo) Online,324.64,TRY,2025-06-04T16:27:47.31
296021428,574,Multinet Online,476.9,TRY,2025-06-04T17:03:23.2
296021436,574,Multinet Online,464.9,TRY,2025-06-04T17:03:25.53
296021448,574,Multinet Online,476.9,TRY,2025-06-04T17:03:26.167
296023320,29,YS Online,464.16,TRY,2025-06-04T17:03:27.56
296023825,29,YS Online,749.53,TRY,2025-06-04T16:44:29.043
296024813,2,Kredi Kartı,446.16,TRY,2025-06-04T17:03:29.48
296026641,3,Multinet,1482.16,TRY,2025-06-04T17:03:28.203
296026692,2,Kredi Kartı,446.32,TRY,2025-06-04T17:03:30.013
296026979,2,Kredi Kartı,449.9,TRY,2025-06-04T16:41:52.627
296034916,33,Getir Online,577.9,TRY,2025-06-04T17:25:34.32
296035942,29,YS Online,975.84,TRY,2025-06-04T17:25:35.84
296036645,2,Kredi Kartı,419.92,TRY,2025-06-04T17:25:36.937
296036929,33,Getir Online,507.9,TRY,2025-06-04T17:25:38.53
296039098,3,Multinet,419.92,TRY,2025-06-04T17:25:40.983
296039155,26,Metropol,335.92,TRY,2025-06-04T17:25:42.86
296041182,90,Trendyol Online,464.9,TRY,2025-06-04T18:47:50.023
296041769,2,Kredi Kartı,899.8,TRY,2025-06-04T18:47:49.173
296042668,1,Nakit,384.6,TRY,2025-06-04T17:25:31.727
296043029,29,YS Online,970.6,TRY,2025-06-04T17:25:29.493
296043837,2,Kredi Kartı,1610.4,TRY,2025-06-04T18:47:50.767
296044354,90,Trendyol Online,1034.8,TRY,2025-06-04T18:47:51.587
296047196,2,Kredi Kartı,399.6,TRY,2025-06-04T17:33:14.163
296049040,29,YS Online,539.84,TRY,2025-06-04T18:47:52.337
296049307,1,Nakit,419.92,TRY,2025-06-04T18:47:53.357
296049872,2,Kredi Kartı,2078.6,TRY,2025-06-04T17:49:07.813
296049903,26,Metropol,456.9,TRY,2025-06-04T18:47:54.02
296050163,29,YS Online,375.76,TRY,2025-06-04T18:47:57.067
296051658,574,Multinet Online,454.9,TRY,2025-06-04T18:47:55.173
296054553,53330,Edenred Online,489.91,TRY,2025-06-04T18:47:57.993
296054886,2,Kredi Kartı,459.9,TRY,2025-06-04T18:47:58.863
296055839,4,Smart Ticket,419.92,TRY,2025-06-04T18:47:59.633
296058705,3,Multinet,819.5,TRY,2025-06-04T18:48:02.367
296059602,2,Kredi Kartı,839.84,TRY,2025-06-04T18:48:01.63
296061453,2,Kredi Kartı,951.76,TRY,2025-06-04T18:48:03.177
296061542,29,YS Online,439.92,TRY,2025-06-04T18:48:00.673
296061802,1,Nakit,400.0,TRY,2025-06-04T18:26:22.677
296067630,33,Getir Online,444.9,TRY,2025-06-04T18:48:05.893
296068749,5,SetCard,715.76,TRY,2025-06-04T18:48:03.947
296069445,4,Smart Ticket,918.8,TRY,2025-06-04T18:26:31.647
296069715,53330,Edenred Online,984.8,TRY,2025-06-04T18:48:04.763
296071329,29,YS Online,1283.76,TRY,2025-06-04T19:01:12.85
296072064,26,Metropol,899.8,TRY,2025-06-04T18:13:58.653
296072447,26,Metropol,335.92,TRY,2025-06-04T19:41:55.747
296074500,29,YS Online,1011.84,TRY,2025-06-04T19:01:15.503
296074708,2,Kredi Kartı,1250.96,TRY,2025-06-04T18:48:15.673
296074726,33,Getir Online,434.9,TRY,2025-06-04T18:48:10.59
296077712,2,Kredi Kartı,919.8,TRY,2025-06-04T18:52:47.287
296079203,29,YS Online,419.92,TRY,2025-06-04T18:48:23.01
296079831,3,Multinet,839.84,TRY,2025-06-04T18:48:18.013
296080448,29,YS Online,1791.68,TRY,2025-06-04T19:01:16.657
296081412,33,Getir Online,544.8,TRY,2025-06-04T19:01:17.597
296082533,33,Getir Online,1075.8,TRY,2025-06-04T19:01:18.577
296082891,2,Kredi Kartı,571.8,TRY,2025-06-04T19:01:19.36
296083320,2,Kredi Kartı,838.0,TRY,2025-06-04T19:06:09.203
296083430,2,Kredi Kartı,399.9,TRY,2025-06-04T19:01:20.123
296084468,569,Migros Online,455.16,TRY,2025-06-04T19:41:55.043
296085030,1,Nakit,79.9,TRY,2025-06-04T18:39:50.133
296086962,53330,Edenred Online,454.9,TRY,2025-06-04T19:01:08.73
296087226,29,YS Online,419.92,TRY,2025-06-04T19:01:22.713
296087781,33,Getir Online,767.4,TRY,2025-06-04T19:41:58.173
296089243,90,Trendyol Online,489.91,TRY,2025-06-04T19:42:01.183
296089563,29,YS Online,335.92,TRY,2025-06-04T19:41:58.997
296090145,2,Kredi Kartı,400.0,TRY,2025-06-04T19:17:32.27
296091411,41,Pluxee (Sodexo) Online,994.8,TRY,2025-06-04T19:42:03.14
296093340,574,Multinet Online,554.91,TRY,2025-06-04T19:42:04.403
296094076,90,Trendyol Online,489.91,TRY,2025-06-04T19:42:16.203
296094097,2,Kredi Kartı,479.9,TRY,2025-06-04T19:42:06.783
296096209,2,Kredi Kartı,849.5,TRY,2025-06-04T19:11:28.48
296096509,33,Getir Online,1215.8,TRY,2025-06-04T19:42:08.793
296097376,29,YS Online,975.76,TRY,2025-06-04T19:42:11.433
296097859,33,Getir Online,434.9,TRY,2025-06-04T19:42:12.393
296097867,33,Getir Online,517.9,TRY,2025-06-04T19:42:10.27
296098805,33,Getir Online,939.8,TRY,2025-06-04T19:42:17.33
296099812,2,Kredi Kartı,1079.82,TRY,2025-06-04T20:00:28.93
296100591,53330,Edenred Online,1014.24,TRY,2025-06-04T20:00:30.98
296100601,90,Trendyol Online,344.9,TRY,2025-06-04T20:00:33.81
296100999,29,YS Online,515.92,TRY,2025-06-04T19:42:19.44
296102575,6,Pluxee (Sodexo),399.6,TRY,2025-06-04T19:42:23.473
296103211,29,YS Online,857.44,TRY,2025-06-04T20:00:33.043
296103321,2,Kredi Kartı,353.52,TRY,2025-06-04T20:00:34.79
296103344,90,Trendyol Online,984.8,TRY,2025-06-04T19:40:44.613
296103516,2,Kredi Kartı,2076.2,TRY,2025-06-04T19:31:27.2
296103547,29,YS Online,419.92,TRY,2025-06-04T20:00:31.99
296104500,90,Trendyol Online,489.91,TRY,2025-06-04T20:00:29.813
296104519,29,YS Online,1106.16,TRY,2025-06-04T19:40:37.277
296107535,29,YS Online,442.32,TRY,2025-06-04T20:00:35.497
296107843,90,Trendyol Online,1112.71,TRY,2025-06-04T20:00:36.027
296108636,90,Trendyol Online,576.81,TRY,2025-06-04T20:00:40.183
296113109,33,Getir Online,454.8,TRY,2025-06-04T20:00:38.107
296113121,2,Kredi Kartı,419.9,TRY,2025-06-04T20:23:26.287
296113687,574,Multinet Online,454.9,TRY,2025-06-04T20:23:27.03
296118046,33,Getir Online,517.9,TRY,2025-06-04T20:23:28.877
296118466,33,Getir Online,2614.6,TRY,2025-06-04T20:23:27.963
296119182,2,Kredi Kartı,939.8,TRY,2025-06-04T20:23:29.627
296119542,7,Diğer,1041.44,TRY,2025-06-04T20:23:30.603
296120374,33,Getir Online,1112.7,TRY,2025-06-04T20:40:47.333
296122010,29,YS Online,855.84,TRY,2025-06-04T20:23:33.483
296123148,91,Pluxee (Sodexo) Pass Mobil,1183.04,TRY,2025-06-04T20:40:50.237
296124011,91,Pluxee (Sodexo) Pass Mobil,2023.44,TRY,2025-06-04T20:40:51.19
296129482,1,Nakit,449.9,TRY,2025-06-04T20:27:53.3
296131439,5,SetCard,490.32,TRY,2025-06-04T20:40:52.193
296134552,574,Multinet Online,994.8,TRY,2025-06-04T20:40:52.973
296136498,90,Trendyol Online,454.9,TRY,2025-06-04T20:40:56.123
296136872,2,Kredi Kartı,919.8,TRY,2025-06-04T20:40:54.367
296137776,26,Metropol,419.92,TRY,2025-06-04T21:01:57.69
296139610,29,YS Online,483.92,TRY,2025-06-04T21:02:00.113
296139699,53955,Metropol Kodu,554.81,TRY,2025-06-04T21:02:00.82
296140100,90,Trendyol Online,344.9,TRY,2025-06-04T21:02:18.99
296140484,90,Trendyol Online,566.8,TRY,2025-06-04T21:01:58.337
296141546,4,Smart Ticket,671.84,TRY,2025-06-04T21:02:02.98
296141689,5,SetCard,639.92,TRY,2025-06-04T21:02:25.03
296142028,3,Multinet,2919.0,TRY,2025-06-04T21:01:59.153
296142135,29,YS Online,419.92,TRY,2025-06-04T21:02:20.647
296144345,29,YS Online,3011.2,TRY,2025-06-04T21:15:49.75
296145170,90,Trendyol Online,554.8,TRY,2025-06-04T21:02:22.74
296145559,90,Trendyol Online,454.9,TRY,2025-06-04T21:30:50.963
296146132,29,YS Online,539.92,TRY,2025-06-04T21:02:26.603
296148990,2,Kredi Kartı,399.6,TRY,2025-06-04T21:16:00.113
296152484,574,Multinet Online,489.91,TRY,2025-06-04T21:30:53.487
296154742,3,Multinet,698.9,TRY,2025-06-04T21:15:51.467
296155535,2,Kredi Kartı,419.92,TRY,2025-06-04T21:36:40.997
296157125,41,Pluxee (Sodexo) Online,484.9,TRY,2025-06-04T21:38:37.137
296157164,29,YS Online,239.84,TRY,2025-06-04T21:30:55.467
296157756,3,Multinet,557.52,TRY,2025-06-04T21:30:58.973
296157932,90,Trendyol Online,1214.6,TRY,2025-06-04T21:31:05.677
296157934,33,Getir Online,512.9,TRY,2025-06-04T21:36:44.813
296158146,569,Migros Online,455.16,TRY,2025-06-04T21:35:20.727
296158680,1,Nakit,583.92,TRY,2025-06-04T21:31:03.883
296159220,1,Nakit,1149.1,TRY,2025-06-04T21:31:02.013
296159712,91,Pluxee (Sodexo) Pass Mobil,419.92,TRY,2025-06-04T21:54:25.817
296161664,2,Kredi Kartı,419.0,TRY,2025-06-04T21:31:25.003
296161987,29,YS Online,1259.76,TRY,2025-06-04T21:51:11.823
296163776,90,Trendyol Online,1722.51,TRY,2025-06-04T22:09:12.793
296164075,5,SetCard,446.9,TRY,2025-06-04T21:36:48.337
296170303,91,Pluxee (Sodexo) Pass Mobil,551.92,TRY,2025-06-04T22:05:49
296173634,2,Kredi Kartı,517.9,TRY,2025-06-04T22:06:47.513
296174412,90,Trendyol Online,1119.71,TRY,2025-06-04T21:54:31.71
296175312,29,YS Online,419.92,TRY,2025-06-04T21:54:35.903
296176164,26,Metropol,527.12,TRY,2025-06-04T22:09:13.993
296177031,3,Multinet,909.44,TRY,2025-06-04T21:54:39.043
296180531,41,Pluxee (Sodexo) Online,1054.82,TRY,2025-06-04T22:09:11.103
296181199,53330,Edenred Online,454.9,TRY,2025-06-04T22:05:46.527
296250034,2,Kredi Kartı,587.7,TRY,2025-06-05T12:29:55.31
296251517,29,YS Online,1548.96,TRY,2025-06-05T12:29:56.607
296254299,33,Getir Online,1424.7,TRY,2025-06-05T11:57:09.553
296261396,29,YS Online,847.84,TRY,2025-06-05T12:41:05.32
296264126,2,Kredi Kartı,400.0,TRY,2025-06-05T12:47:10.097
296264126,2,Kredi Kartı,200.0,TRY,2025-06-05T12:47:10.137
296264126,2,Kredi Kartı,280.0,TRY,2025-06-05T12:47:10.173
296264126,1,Nakit,469.0,TRY,2025-06-05T12:47:10.25
296270279,33,Getir Online,434.9,TRY,2025-06-05T13:02:49.483
296271757,4,Smart Ticket,239.84,TRY,2025-06-05T13:34:31.663
296272845,5,SetCard,463.12,TRY,2025-06-05T13:02:48.23
296279293,1,Nakit,335.92,TRY,2025-06-05T13:34:29.943
296283668,1,Nakit,589.8,TRY,2025-06-05T13:24:25.057
296286759,41,Pluxee (Sodexo) Online,454.9,TRY,2025-06-05T13:47:15.6
,,,,,
